﻿Remediate,Replatform,Refactor,Result,Assessment Summary
NO,NO,NO,REHOST,"This application can potentially be migrated to Cloud ""As Is"". Detailed assessment is recommended. Code level analysis is recommended as a best practice to ensure successful migration."
NO,NO,YES,REFACTOR,This application is planned to consume PaaS services and will require code and configuration level changes. Detailed assessment is recommended.
NO ,YES ,NO,REPLATFORM,This application is planned to go thru a change in underlying platform(s). Detailed assessment is recommended. Code level assessment is a must to ensure successful migration
NO ,YES ,YES,"REPLATFORM , REFACTOR",This application is planned to go thru a change in underlying platform(s) and to consume PaaS services. Detailed assessment is recommended. Code level assessment will be mandatory.
YES ,NO ,NO,REMEDIATE,This application runs on a relatively older version of the software stack and may require changes prior to cloud migration
YES ,NO ,YES,REFACTOR,This application is planned to consume PaaS services and will require code and configuration level changes. Detailed assessment is recommended.
YES ,YES ,NO,"REMEDIATE , REPLATFORM",This application runs on a relatively older version of the software stack and is planned to go thru a change in underlying platform(s). Detailed assessment is recommended. Code level assessment is a must to ensure successful migration.
YES ,YES ,YES,"REPLATFORM, REFACTOR",This application runs on a relatively older version of the software stack and is planned to go thru a change in underlying platform(s) and to consume PaaS services. Detailed assessment is recommended. Code level assessment will be mandatory.
