﻿Id,Qid,a01,a02,a03,a04,a05,a06,a07,a03,a04,a05,a01,a02,a03,a04,a05,a01,a02,a03,a04,a05,a01,a02,a03,a04,a05,a01,a02,a03,a04,a05,a01,a02,a03,a04,a05
name,Questions,webserver,webserver1,webserver2,webserver3,webserver4,webserver,webserver1,webserver2,webserver3,webserver4,webserver,webserver1,webserver2,webserver3,webserver4,webserver,webserver1,webserver2,webserver3,webserver4,webserver,webserver1,webserver2,webserver3,webserver4,webserver,webserver1,webserver2,webserver3,webserver4,webserver,webserver1,webserver2,webserver3,webserver4
ques_01,"Are there any Legal or IT or geo specific or organizational compliance restrictions (regulations)  for application code and data to remain in your own premises (i.e., existing location)?",YES,YES,YES,NO,YES,YES,YES,YES,NO,YES,YES,YES,YES,NO,YES,YES,YES,YES,NO,YES,YES,YES,YES,NO,YES,YES,YES,YES,NO,YES,YES,YES,YES,NO,YES
ques_02,"Is the application data containing sensitive/personally identifiable information that cannot be moved out of your own premises (i.e., existing location)?",NO,NO,YES,NO,NO,NO,NO,YES,NO,NO,NO,NO,YES,NO,NO,NO,NO,YES,NO,NO,NO,NO,YES,NO,NO,NO,NO,YES,NO,NO,NO,NO,YES,NO,NO
ques_03,Are there any heavy dependencies on the internal and external systems that are tightly coupled with the application?,YES,YES,YES,NO,YES,YES,YES,YES,NO,YES,YES,YES,YES,NO,YES,YES,YES,YES,NO,YES,YES,YES,YES,NO,YES,YES,YES,YES,NO,YES,YES,YES,YES,NO,YES
ques_04,"Is the application built on AIX/HP UNIX/MainFrame OR AS/400 OR x86 OR Legacy Products like UVBasic? i.e., does it require specialized hardware to run?",NO,NO,YES,NO,NO,NO,NO,YES,NO,NO,NO,NO,YES,NO,NO,NO,NO,YES,NO,NO,NO,NO,YES,NO,NO,NO,NO,YES,NO,NO,NO,NO,YES,NO,NO
ques_05,Does this application support portable licenses to Cloud?,YES,YES,YES,NO,YES,YES,YES,YES,NO,YES,YES,YES,YES,NO,YES,YES,YES,YES,NO,YES,YES,YES,YES,NO,YES,YES,YES,YES,NO,YES,YES,YES,YES,NO,YES
ques_06,Is the application identified for retirement in the near future (< 6 months)?,NO,NO,YES,NO,YES,NO,NO,YES,NO,YES,NO,NO,YES,NO,YES,NO,NO,YES,NO,YES,NO,NO,YES,NO,YES,NO,NO,YES,NO,YES,NO,NO,YES,NO,YES
ques_07,Is the application associated directly with production line (manufacturing) and is critical for the manufactured output?,YES,YES,YES,NO,YES,YES,YES,YES,NO,YES,YES,YES,YES,NO,YES,YES,YES,YES,NO,YES,YES,YES,YES,NO,YES,YES,YES,YES,NO,YES,YES,YES,YES,NO,YES
ques_08,Is this Application a COTS product?,YES,YES,YES,NO,NO,YES,YES,YES,NO,NO,YES,YES,YES,NO,NO,YES,YES,YES,NO,NO,YES,YES,YES,NO,NO,YES,YES,YES,NO,NO,YES,YES,YES,NO,NO
ques_09,Are there any licensing restrictions where the current version of the application is unsupported on Cloud?,NO,YES,YES,NO,YES,NO,YES,YES,NO,YES,NO,YES,YES,NO,YES,NO,YES,YES,NO,YES,NO,YES,YES,NO,YES,NO,YES,YES,NO,YES,NO,YES,YES,NO,YES
ques_10,"Is any of the versions of the Application stack/Operating system/Application (Web) server lesser than N-2, where N is the latest version of that respective software",NO,NO,YES,NO,YES,NO,NO,YES,NO,YES,NO,NO,YES,NO,YES,NO,NO,YES,NO,YES,NO,NO,YES,NO,YES,NO,NO,YES,NO,YES,NO,NO,YES,NO,YES
ques_11,As part of the migration are you intending to change the underlying O/S or application/web server or the database or programming stack (e.g.: Java to .NET)?,YES,YES,YES,YES,YES,YES,YES,YES,YES,YES,YES,YES,YES,YES,YES,YES,YES,YES,YES,YES,YES,YES,YES,YES,YES,YES,YES,YES,YES,YES,YES,YES,YES,YES,YES
ques_12,"As part of the migration are you intending to leverage Platform As a Service (PaaS) features, i.e., go for a PaaS first approach for this application?",YES,YES,YES,YES,YES,YES,YES,YES,YES,YES,YES,YES,YES,YES,YES,YES,YES,YES,YES,YES,YES,YES,YES,YES,YES,YES,YES,YES,YES,YES,YES,YES,YES,YES,YES
